Workbook

Sheet Старт
A1: Таблица доходов самозанятого
A2: Считает налог, остаток налогового бонуса и сколько осталось до лимита 2,4 млн ₽ в год.
A4: Настройки
A5: Год, за который смотреть итоги | B5: 2026 | C5: Поменяйте в январе
A6: Остаток налогового бонуса, ₽ | B6: 10000 | C6: Посмотрите в «Мой налог». Бонус 10 000 ₽ даётся один раз
A7: Лимит дохода за год, ₽ | B7: 2400000 | C7: Лимит по закону 422-ФЗ
A9: Как пользоваться
A10: 1. Каждую оплату записывайте на лист «Доходы»: дату, клиента, кто платит, сумму и выбит ли чек.
A11: 2. Жёлтые ячейки заполняете вы, остальное таблица считает сама.
A12: 3. На листе «Итоги» — налог по месяцам, срок оплаты, невыбитые чеки и остаток до лимита.
A13: 4. Три строки с пометкой «Пример» удалите, когда начнёте вести свои доходы.
A15: Главные правила
A16: Ставка | B16: 4% — если платит физлицо, 6% — если платит ИП или компания
A17: Налоговый бонус | B17: 10 000 ₽ один раз. Пока он не закончился, ставка 3% и 4%
A18: Чек | B18: Наличные — сразу. Безналичные — не позже 9-го числа следующего месяца
A19: Квитанция | B19: Приходит в «Мой налог» до 12-го числа следующего месяца
A20: Оплата налога | B20: До 28-го числа следующего месяца. Меньше 100 ₽ переносится на следующий месяц
A21: Лимит | B21: 2,4 млн ₽ дохода за календарный год. Если превысить — право на НПД теряется
A22: Нельзя | B22: Нанимать работников по трудовому договору, перепродавать товары, работать на текущего или бывшего (до 2 лет) работодателя
A24: Правила — на октябрь 2026, источник: npd.nalog.ru. Таблица носит справочный характер и не является налоговой консультацией: точная сумма налога — в приложении «Мой налог».

Sheet Доходы
A1: Дата | B1: Клиент | C1: Кто платит | D1: Сумма | E1: Чек выбит | F1: Ставка | G1: Бонус списан | H1: Налог | I1: Год | J1: Месяц
A2: 46297 | B2: Пример: заказ на сайте | C2: Физлицо | D2: 1199 | E2: Да | F2: =IF(D2="","",IF(C2="Физлицо",0.04,0.06)) | G2: =IF(D2="","",MIN(MAX(Старт!$B$6-SUM(G$1:G1),0),D2*IF(C2="Физлицо",0.01,0.02))) | H2: =IF(D2="","",D2*F2-G2) | I2: =IF(A2="","",YEAR(A2)) | J2: =IF(A2="","",MONTH(A2))
A3: 46300 | B3: Пример: ООО «Ромашка» | C3: ИП или компания | D3: 15000 | E3: Да | F3: =IF(D3="","",IF(C3="Физлицо",0.04,0.06)) | G3: =IF(D3="","",MIN(MAX(Старт!$B$6-SUM(G$1:G2),0),D3*IF(C3="Физлицо",0.01,0.02))) | H3: =IF(D3="","",D3*F3-G3) | I3: =IF(A3="","",YEAR(A3)) | J3: =IF(A3="","",MONTH(A3))
A4: 46306 | B4: Пример: перевод на карту | C4: Физлицо | D4: 2500 | E4: Нет | F4: =IF(D4="","",IF(C4="Физлицо",0.04,0.06)) | G4: =IF(D4="","",MIN(MAX(Старт!$B$6-SUM(G$1:G3),0),D4*IF(C4="Физлицо",0.01,0.02))) | H4: =IF(D4="","",D4*F4-G4) | I4: =IF(A4="","",YEAR(A4)) | J4: =IF(A4="","",MONTH(A4))
F5: =IF(D5="","",IF(C5="Физлицо",0.04,0.06)) | G5: =IF(D5="","",MIN(MAX(Старт!$B$6-SUM(G$1:G4),0),D5*IF(C5="Физлицо",0.01,0.02))) | H5: =IF(D5="","",D5*F5-G5) | I5: =IF(A5="","",YEAR(A5)) | J5: =IF(A5="","",MONTH(A5))
F6: =IF(D6="","",IF(C6="Физлицо",0.04,0.06)) | G6: =IF(D6="","",MIN(MAX(Старт!$B$6-SUM(G$1:G5),0),D6*IF(C6="Физлицо",0.01,0.02))) | H6: =IF(D6="","",D6*F6-G6) | I6: =IF(A6="","",YEAR(A6)) | J6: =IF(A6="","",MONTH(A6))
F7: =IF(D7="","",IF(C7="Физлицо",0.04,0.06)) | G7: =IF(D7="","",MIN(MAX(Старт!$B$6-SUM(G$1:G6),0),D7*IF(C7="Физлицо",0.01,0.02))) | H7: =IF(D7="","",D7*F7-G7) | I7: =IF(A7="","",YEAR(A7)) | J7: =IF(A7="","",MONTH(A7))
F8: =IF(D8="","",IF(C8="Физлицо",0.04,0.06)) | G8: =IF(D8="","",MIN(MAX(Старт!$B$6-SUM(G$1:G7),0),D8*IF(C8="Физлицо",0.01,0.02))) | H8: =IF(D8="","",D8*F8-G8) | I8: =IF(A8="","",YEAR(A8)) | J8: =IF(A8="","",MONTH(A8))
F9: =IF(D9="","",IF(C9="Физлицо",0.04,0.06)) | G9: =IF(D9="","",MIN(MAX(Старт!$B$6-SUM(G$1:G8),0),D9*IF(C9="Физлицо",0.01,0.02))) | H9: =IF(D9="","",D9*F9-G9) | I9: =IF(A9="","",YEAR(A9)) | J9: =IF(A9="","",MONTH(A9))
F10: =IF(D10="","",IF(C10="Физлицо",0.04,0.06)) | G10: =IF(D10="","",MIN(MAX(Старт!$B$6-SUM(G$1:G9),0),D10*IF(C10="Физлицо",0.01,0.02))) | H10: =IF(D10="","",D10*F10-G10) | I10: =IF(A10="","",YEAR(A10)) | J10: =IF(A10="","",MONTH(A10))
F11: =IF(D11="","",IF(C11="Физлицо",0.04,0.06)) | G11: =IF(D11="","",MIN(MAX(Старт!$B$6-SUM(G$1:G10),0),D11*IF(C11="Физлицо",0.01,0.02))) | H11: =IF(D11="","",D11*F11-G11) | I11: =IF(A11="","",YEAR(A11)) | J11: =IF(A11="","",MONTH(A11))
F12: =IF(D12="","",IF(C12="Физлицо",0.04,0.06)) | G12: =IF(D12="","",MIN(MAX(Старт!$B$6-SUM(G$1:G11),0),D12*IF(C12="Физлицо",0.01,0.02))) | H12: =IF(D12="","",D12*F12-G12) | I12: =IF(A12="","",YEAR(A12)) | J12: =IF(A12="","",MONTH(A12))
F13: =IF(D13="","",IF(C13="Физлицо",0.04,0.06)) | G13: =IF(D13="","",MIN(MAX(Старт!$B$6-SUM(G$1:G12),0),D13*IF(C13="Физлицо",0.01,0.02))) | H13: =IF(D13="","",D13*F13-G13) | I13: =IF(A13="","",YEAR(A13)) | J13: =IF(A13="","",MONTH(A13))
F14: =IF(D14="","",IF(C14="Физлицо",0.04,0.06)) | G14: =IF(D14="","",MIN(MAX(Старт!$B$6-SUM(G$1:G13),0),D14*IF(C14="Физлицо",0.01,0.02))) | H14: =IF(D14="","",D14*F14-G14) | I14: =IF(A14="","",YEAR(A14)) | J14: =IF(A14="","",MONTH(A14))
F15: =IF(D15="","",IF(C15="Физлицо",0.04,0.06)) | G15: =IF(D15="","",MIN(MAX(Старт!$B$6-SUM(G$1:G14),0),D15*IF(C15="Физлицо",0.01,0.02))) | H15: =IF(D15="","",D15*F15-G15) | I15: =IF(A15="","",YEAR(A15)) | J15: =IF(A15="","",MONTH(A15))
F16: =IF(D16="","",IF(C16="Физлицо",0.04,0.06)) | G16: =IF(D16="","",MIN(MAX(Старт!$B$6-SUM(G$1:G15),0),D16*IF(C16="Физлицо",0.01,0.02))) | H16: =IF(D16="","",D16*F16-G16) | I16: =IF(A16="","",YEAR(A16)) | J16: =IF(A16="","",MONTH(A16))
... F501: =IF(D501="","",IF(C501="Физлицо",0.04,0.06)) | G501: =IF(D501="","",MIN(MAX(Старт!$B$6-SUM(G$1:G500),0),D501*IF(C501="Физлицо",0.01,0.02))) | H501: =IF(D501="","",D501*F501-G501) | I501: =IF(A501="","",YEAR(A501)) | J501: =IF(A501="","",MONTH(A501))

Sheet Итоги
A1: Итоги за год | B1: =Старт!$B$5
A3: Доход за год | B3: =SUMIFS(Доходы!$D$2:$D$501,Доходы!$I$2:$I$501,Старт!$B$5)
A4: Налог за год | B4: =SUMIFS(Доходы!$H$2:$H$501,Доходы!$I$2:$I$501,Старт!$B$5)
A5: Остаток до лимита | B5: =Старт!$B$7-B3
A6: Лимит использован | B6: =B3/Старт!$B$7
A7: Остаток налогового бонуса | B7: =MAX(Старт!$B$6-SUM(Доходы!$G$2:$G$501),0)
A8: Статус | B8: =IF(B6>=1,"Лимит превышен: право на НПД потеряно, нужен другой режим",IF(B6>=0.8,"Больше 80% лимита — планируйте заранее","В пределах лимита"))
A10: Месяц | B10: Доход | C10: Налог | D10: Оплатить до | E10: Чеков не выбито | F10: Что сделать
A11: Январь | B11: =SUMIFS(Доходы!$D$2:$D$501,Доходы!$I$2:$I$501,Старт!$B$5,Доходы!$J$2:$J$501,1) | C11: =SUMIFS(Доходы!$H$2:$H$501,Доходы!$I$2:$I$501,Старт!$B$5,Доходы!$J$2:$J$501,1) | D11: =DATE(Старт!$B$5,2,28) | E11: =COUNTIFS(Доходы!$I$2:$I$501,Старт!$B$5,Доходы!$J$2:$J$501,1,Доходы!$E$2:$E$501,"Нет") | F11: =IF(E11>0,"Выбить чеки до 9-го",IF(AND(C11>0,C11<100),"Меньше 100 ₽ — перенесётся",""))
A12: Февраль | B12: =SUMIFS(Доходы!$D$2:$D$501,Доходы!$I$2:$I$501,Старт!$B$5,Доходы!$J$2:$J$501,2) | C12: =SUMIFS(Доходы!$H$2:$H$501,Доходы!$I$2:$I$501,Старт!$B$5,Доходы!$J$2:$J$501,2) | D12: =DATE(Старт!$B$5,3,28) | E12: =COUNTIFS(Доходы!$I$2:$I$501,Старт!$B$5,Доходы!$J$2:$J$501,2,Доходы!$E$2:$E$501,"Нет") | F12: =IF(E12>0,"Выбить чеки до 9-го",IF(AND(C12>0,C12<100),"Меньше 100 ₽ — перенесётся",""))
A13: Март | B13: =SUMIFS(Доходы!$D$2:$D$501,Доходы!$I$2:$I$501,Старт!$B$5,Доходы!$J$2:$J$501,3) | C13: =SUMIFS(Доходы!$H$2:$H$501,Доходы!$I$2:$I$501,Старт!$B$5,Доходы!$J$2:$J$501,3) | D13: =DATE(Старт!$B$5,4,28) | E13: =COUNTIFS(Доходы!$I$2:$I$501,Старт!$B$5,Доходы!$J$2:$J$501,3,Доходы!$E$2:$E$501,"Нет") | F13: =IF(E13>0,"Выбить чеки до 9-го",IF(AND(C13>0,C13<100),"Меньше 100 ₽ — перенесётся",""))
A14: Апрель | B14: =SUMIFS(Доходы!$D$2:$D$501,Доходы!$I$2:$I$501,Старт!$B$5,Доходы!$J$2:$J$501,4) | C14: =SUMIFS(Доходы!$H$2:$H$501,Доходы!$I$2:$I$501,Старт!$B$5,Доходы!$J$2:$J$501,4) | D14: =DATE(Старт!$B$5,5,28) | E14: =COUNTIFS(Доходы!$I$2:$I$501,Старт!$B$5,Доходы!$J$2:$J$501,4,Доходы!$E$2:$E$501,"Нет") | F14: =IF(E14>0,"Выбить чеки до 9-го",IF(AND(C14>0,C14<100),"Меньше 100 ₽ — перенесётся",""))
A15: Май | B15: =SUMIFS(Доходы!$D$2:$D$501,Доходы!$I$2:$I$501,Старт!$B$5,Доходы!$J$2:$J$501,5) | C15: =SUMIFS(Доходы!$H$2:$H$501,Доходы!$I$2:$I$501,Старт!$B$5,Доходы!$J$2:$J$501,5) | D15: =DATE(Старт!$B$5,6,28) | E15: =COUNTIFS(Доходы!$I$2:$I$501,Старт!$B$5,Доходы!$J$2:$J$501,5,Доходы!$E$2:$E$501,"Нет") | F15: =IF(E15>0,"Выбить чеки до 9-го",IF(AND(C15>0,C15<100),"Меньше 100 ₽ — перенесётся",""))
A16: Июнь | B16: =SUMIFS(Доходы!$D$2:$D$501,Доходы!$I$2:$I$501,Старт!$B$5,Доходы!$J$2:$J$501,6) | C16: =SUMIFS(Доходы!$H$2:$H$501,Доходы!$I$2:$I$501,Старт!$B$5,Доходы!$J$2:$J$501,6) | D16: =DATE(Старт!$B$5,7,28) | E16: =COUNTIFS(Доходы!$I$2:$I$501,Старт!$B$5,Доходы!$J$2:$J$501,6,Доходы!$E$2:$E$501,"Нет") | F16: =IF(E16>0,"Выбить чеки до 9-го",IF(AND(C16>0,C16<100),"Меньше 100 ₽ — перенесётся",""))
A17: Июль | B17: =SUMIFS(Доходы!$D$2:$D$501,Доходы!$I$2:$I$501,Старт!$B$5,Доходы!$J$2:$J$501,7) | C17: =SUMIFS(Доходы!$H$2:$H$501,Доходы!$I$2:$I$501,Старт!$B$5,Доходы!$J$2:$J$501,7) | D17: =DATE(Старт!$B$5,8,28) | E17: =COUNTIFS(Доходы!$I$2:$I$501,Старт!$B$5,Доходы!$J$2:$J$501,7,Доходы!$E$2:$E$501,"Нет") | F17: =IF(E17>0,"Выбить чеки до 9-го",IF(AND(C17>0,C17<100),"Меньше 100 ₽ — перенесётся",""))
A18: Август | B18: =SUMIFS(Доходы!$D$2:$D$501,Доходы!$I$2:$I$501,Старт!$B$5,Доходы!$J$2:$J$501,8) | C18: =SUMIFS(Доходы!$H$2:$H$501,Доходы!$I$2:$I$501,Старт!$B$5,Доходы!$J$2:$J$501,8) | D18: =DATE(Старт!$B$5,9,28) | E18: =COUNTIFS(Доходы!$I$2:$I$501,Старт!$B$5,Доходы!$J$2:$J$501,8,Доходы!$E$2:$E$501,"Нет") | F18: =IF(E18>0,"Выбить чеки до 9-го",IF(AND(C18>0,C18<100),"Меньше 100 ₽ — перенесётся",""))
A19: Сентябрь | B19: =SUMIFS(Доходы!$D$2:$D$501,Доходы!$I$2:$I$501,Старт!$B$5,Доходы!$J$2:$J$501,9) | C19: =SUMIFS(Доходы!$H$2:$H$501,Доходы!$I$2:$I$501,Старт!$B$5,Доходы!$J$2:$J$501,9) | D19: =DATE(Старт!$B$5,10,28) | E19: =COUNTIFS(Доходы!$I$2:$I$501,Старт!$B$5,Доходы!$J$2:$J$501,9,Доходы!$E$2:$E$501,"Нет") | F19: =IF(E19>0,"Выбить чеки до 9-го",IF(AND(C19>0,C19<100),"Меньше 100 ₽ — перенесётся",""))
A20: Октябрь | B20: =SUMIFS(Доходы!$D$2:$D$501,Доходы!$I$2:$I$501,Старт!$B$5,Доходы!$J$2:$J$501,10) | C20: =SUMIFS(Доходы!$H$2:$H$501,Доходы!$I$2:$I$501,Старт!$B$5,Доходы!$J$2:$J$501,10) | D20: =DATE(Старт!$B$5,11,28) | E20: =COUNTIFS(Доходы!$I$2:$I$501,Старт!$B$5,Доходы!$J$2:$J$501,10,Доходы!$E$2:$E$501,"Нет") | F20: =IF(E20>0,"Выбить чеки до 9-го",IF(AND(C20>0,C20<100),"Меньше 100 ₽ — перенесётся",""))
A21: Ноябрь | B21: =SUMIFS(Доходы!$D$2:$D$501,Доходы!$I$2:$I$501,Старт!$B$5,Доходы!$J$2:$J$501,11) | C21: =SUMIFS(Доходы!$H$2:$H$501,Доходы!$I$2:$I$501,Старт!$B$5,Доходы!$J$2:$J$501,11) | D21: =DATE(Старт!$B$5,12,28) | E21: =COUNTIFS(Доходы!$I$2:$I$501,Старт!$B$5,Доходы!$J$2:$J$501,11,Доходы!$E$2:$E$501,"Нет") | F21: =IF(E21>0,"Выбить чеки до 9-го",IF(AND(C21>0,C21<100),"Меньше 100 ₽ — перенесётся",""))
A22: Декабрь | B22: =SUMIFS(Доходы!$D$2:$D$501,Доходы!$I$2:$I$501,Старт!$B$5,Доходы!$J$2:$J$501,12) | C22: =SUMIFS(Доходы!$H$2:$H$501,Доходы!$I$2:$I$501,Старт!$B$5,Доходы!$J$2:$J$501,12) | D22: =DATE(Старт!$B$5,13,28) | E22: =COUNTIFS(Доходы!$I$2:$I$501,Старт!$B$5,Доходы!$J$2:$J$501,12,Доходы!$E$2:$E$501,"Нет") | F22: =IF(E22>0,"Выбить чеки до 9-го",IF(AND(C22>0,C22<100),"Меньше 100 ₽ — перенесётся",""))
A23: Итого | B23: =SUM(B11:B22) | C23: =SUM(C11:C22) | E23: =SUM(E11:E22)
A25: Налог — оценка. Точная сумма — в квитанции «Мой налог», она приходит до 12-го числа.
